is_car;weight;car_in_vehicle_time_min;pt_in_vehicle_time_total_min;pt_total_walk_travel_time_min;pt_transfers
True;219.54823501;17.110465826654547;25.0;22.116666666666664;1.0
True;176.92872161;10.244278973616584;13.0;26.466666666666665;1.0
False;352.85331238;22.42997508677476;6.0;21.4;0.0
True;582.78038376;14.67099003899296;16.0;19.6;1.0
True;935.66794762;34.67668468194171;37.0;22.51666666666667;2.0
True;268.47914813;48.60558607648078;47.0;17.75;2.0
False;294.70198486;50.15709276025308;43.0;18.183333333333334;1.0
True;188.27268696;11.413111706568914;1.0;18.6;0.0
True;272.64578309;28.45259215174643;35.0;27.966666666666665;1.0
True;254.67995953;34.80251822946224;52.0;18.083333333333336;2.0
True;279.92376395;4.954006295767409;1.0;12.0;0.0
True;224.58969716;9.085285149568168;8.0;31.71666666666667;1.0
True;309.46345684;28.27595158612655;52.0;36.21666666666667;2.0
True;211.33142244;22.78498085293412;31.0;26.58333333333333;1.0
True;141.6595365;37.68096996154211;51.0;34.5;2.0
True;493.27678913;12.24674236722572;4.0;23.75;0.0
False;183.48370375;5.915831027875659;4.0;14.283333333333337;0.0
True;78.866262409;72.09932634930888;52.0;32.25;3.0
True;1448.5847665;5.97736007286913;10.0;5.466666666666667;0.0
False;309.01479246;3.5893450483634903;2.0;8.35;0.0
False;178.92935554;5.127672856982312;6.0;2.966666666666667;0.0
True;89.848274242;16.26650442007267;99.0;15.883333333333333;3.0
True;272.64578309;4.492627678167953;6.0;5.95;0.0
False;1381.9166814;10.360186980756245;4.0;18.416666666666668;0.0
False;205.00343368;33.90971069579322;22.0;14.316666666666666;1.0
True;364.22376153;50.69545928239454;56.0;28.616666666666667;3.0
True;856.05461016;15.566027745147048;15.0;14.083333333333332;1.0
False;630.39802316;6.576340082992254;5.0;3.466666666666667;0.0
False;403.22537945;20.26982553360096;14.0;18.583333333333336;1.0
True;633.59061924;20.098418529327944;25.0;27.65;2.0
True;656.76951794;50.66094816502364;84.0;21.28333333333333;3.0
True;181.31965242;8.186320024747774;1.0;28.98333333333333;0.0
False;282.84773944;19.69709307411069;30.0;12.716666666666669;1.0
False;445.88388314;20.922083677257945;19.0;31.15;0.0
True;199.3425316;36.04279569283489;45.0;37.05;1.0
False;161.71512272;48.922942745665466;37.0;15.033333333333331;1.0
True;341.38214874;20.56141769062304;25.0;18.083333333333336;0.0
True;515.76442243;14.197468235964164;17.0;31.23333333333333;2.0
True;113.48912563;4.275574972768741;4.0;14.2;0.0
True;834.33878478;25.88580207246168;28.0;15.8;1.0
True;194.70389182;15.247576956185467;17.0;9.583333333333334;0.0
True;539.97233202;19.660780170283346;31.0;25.05;2.0
True;190.06839892;35.02877508189921;38.0;22.833333333333336;1.0
True;456.18845141;15.074368410318568;17.0;13.483333333333333;0.0
True;190.81230033;7.315650997917633;9.0;20.566666666666663;0.0
True;290.86101221;2.704046842090365;1.0;8.85;0.0
True;639.30909627;21.436053677559947;28.0;30.9;2.0
True;546.58339002;16.30006446230134;150.0;21.65;2.0
False;360.28245455;21.499367892922777;22.0;1.95;0.0
False;268.5127408;6.226201105880692;4.0;13.75;0.0
True;256.5152817;17.162755046323532;37.0;42.8;2.0
True;222.49506694;10.8671880731411;8.0;23.2;0.0
True;190.21716267;14.846037003151771;14.0;25.683333333333334;2.0
True;197.55930774;28.8364888273678;31.0;19.833333333333336;1.0
True;162.6268024;22.09732190172509;32.0;12.5;1.0
True;736.90088407;6.945717800953929;13.0;15.2;0.0
False;207.5636901;8.567741695327573;6.0;7.166666666666666;0.0
True;101.00036897;19.266578659001883;34.0;18.75;1.0
True;227.19334661;22.059515164588905;15.0;14.4;0.0
True;180.14797032;15.019629509827116;31.0;8.616666666666667;0.0
True;471.89099899;11.801745506125458;12.0;9.75;1.0
True;594.16440342;10.103812078529716;10.0;32.4;1.0
True;336.42445308;27.42478241335516;18.0;31.43333333333333;1.0
False;338.57336908;11.241395240281596;12.0;15.6;0.0
True;139.33907891;43.008749581588106;62.0;36.58333333333333;3.0
True;401.34232113;9.752951345969263;4.0;25.53333333333333;0.0
False;254.33600186;13.26921462522057;21.0;15.95;0.0
True;206.36793192;24.4532015028868;38.0;11.283333333333331;1.0
True;114.4384082;42.021784071941205;36.0;34.78333333333333;2.0
True;233.21347709;15.4065877995914;37.0;20.2;1.0
True;274.55561769;20.536849612656454;15.0;35.766666666666666;1.0
True;384.48145211;18.29309638199485;12.0;22.46666666666667;1.0
False;306.63995136;17.84207790651013;21.0;6.35;0.0
True;189.0710733;20.15198503216368;20.0;13.133333333333333;2.0
True;148.46448707;39.59797947117878;35.0;21.15;1.0
True;197.08164906;15.555090707635957;19.0;18.616666666666667;0.0
True;235.20191873;19.22964626491296;16.0;18.55;1.0
False;1424.1879015;12.644647961317371;11.0;10.566666666666666;0.0
False;695.87924509;7.876769169775135;14.0;8.533333333333333;0.0
True;152.3002198;39.32007681376176;38.0;25.333333333333336;2.0
False;169.37815993;9.600697805931908;6.0;17.283333333333335;0.0
True;241.79796478;13.416930968110616;11.0;16.1;0.0
True;338.30511327;12.144879119028674;8.0;14.250000000000002;1.0
True;271.81654273;26.72499101972988;11.0;55.18333333333334;1.0
True;222.29704998;16.222958399563627;21.0;10.216666666666669;1.0
False;342.22330691;5.165483387478679;5.0;6.25;0.0
True;155.13324835;30.76338984491877;42.0;27.98333333333333;2.0
True;185.98351316;4.810206115133411;3.0;12.5;0.0
True;148.73619234;23.569640396185783;20.0;15.116666666666667;0.0
False;264.2056256;16.662797587016566;13.0;12.566666666666666;0.0
True;656.76951794;5.349858207098702;21.0;24.583333333333336;1.0
True;226.04415971;24.2828115043004;31.0;25.366666666666667;2.0
True;298.17762167;5.719413420293581;1.0;12.916666666666668;0.0
False;57.718814159;16.274999287139227;13.0;14.016666666666667;0.0
True;125.5448123;3.834198703909366;0.0;12.816666666666666;0.0
False;201.26058618;34.18611177805925;30.0;20.116666666666667;1.0
True;489.57445916;21.257096528612543;24.0;19.966666666666665;1.0
True;475.63521738;13.609625099419793;20.0;14.4;1.0
True;110.71747383;44.014819915826784;23.0;17.083333333333336;2.0
True;139.45724097;20.11726217173617;19.0;20.05;1.0
True;208.59517044;15.646501024187865;11.0;32.78333333333333;1.0
True;667.14384347;5.106684813671203;9.0;9.65;0.0
True;332.06784644;16.720137335920715;23.0;26.83333333333333;0.0
True;518.22554848;5.201552524279181;3.0;14.05;0.0
True;196.455139;12.524684456533825;8.0;26.58333333333333;1.0
False;688.41783758;41.91712786641883;58.0;23.516666666666666;1.0
True;620.02807351;28.830552102627813;60.0;23.78333333333333;2.0
True;193.18893904;11.515281924899156;7.0;22.98333333333333;0.0
True;269.19331013;23.232826125821244;49.0;67.86666666666667;2.0
False;337.3540043;19.76189842990324;19.0;22.4;0.0
True;187.09169127;42.88475605607495;71.0;34.9;2.0
True;1103.3459287;29.658552391495046;39.0;29.5;1.0
False;130.94009446;10.967429794262952;4.0;23.7;0.0
True;499.27577601;9.70105899747182;35.0;20.516666666666666;2.0
True;364.82175652;12.130076521481492;5.0;26.35;0.0
True;241.3813827;22.829532587104403;29.0;18.183333333333334;1.0
True;180.39170888;6.4907164386966185;5.0;20.48333333333333;0.0
False;228.86625423;47.13686007583163;58.0;16.049999999999997;2.0
False;346.63121471;6.806273936536417;2.0;13.333333333333334;0.0
True;181.53780736;11.528637465991489;7.0;31.333333333333336;0.0
True;474.16394158;43.53296531582919;52.0;19.23333333333333;1.0
True;344.28555879;45.53222670663434;75.0;48.7;4.0
False;256.33395708;23.982133566720645;21.0;6.483333333333334;0.0
True;399.51941579;12.045898634536952;18.0;8.4;1.0
True;203.4105526;11.849362691923856;2.0;20.53333333333333;0.0
True;716.35588545;11.151919210611576;18.0;13.05;1.0
True;528.55329062;22.173556885084423;29.0;21.21666666666667;0.0
True;306.87405398;9.04787642582527;4.0;7.883333333333333;0.0
True;475.63521738;3.2023381375772315;3.0;7.1;0.0
False;402.90366561;17.469725032783522;21.0;13.933333333333334;0.0
True;139.77297952;23.40709674977601;24.0;22.516666666666666;1.0
False;149.18970866;23.20314351607876;10.0;25.366666666666667;0.0
True;220.44688101;56.84437697406051;65.0;42.400000000000006;2.0
True;677.94746628;10.041175687038312;11.0;21.116666666666667;0.0
True;200.33633181;23.691205183388167;42.0;15.75;1.0
False;233.63713297;11.81024146154662;9.0;17.633333333333333;0.0
False;53.100854843;33.48779947230582;41.0;19.21666666666667;1.0
False;55.133915905;8.663453303028708;4.0;16.383333333333333;0.0
True;287.38115954;17.326249468042466;36.0;32.38333333333333;0.0
True;976.61403042;7.486268372448406;12.0;8.216666666666667;0.0
False;444.18970403;6.65116236956333;6.0;17.53333333333333;0.0
True;404.05321485;7.217562845464825;10.0;13.183333333333334;1.0
True;173.76300749;3.807806506657153;1.0;17.616666666666667;0.0
True;279.65265797;39.211236513950965;46.0;36.6;2.0
True;537.01326459;12.339299985112763;17.0;10.666666666666666;0.0
True;193.62263921;48.66283463588237;71.0;34.95;1.0
True;256.15496632;61.7039048580035;63.0;40.150000000000006;3.0
True;182.04353613;10.60353500125166;25.0;8.483333333333334;2.0
True;239.90145791;13.503256683695325;11.0;21.65;1.0
True;285.7554016;31.1862526601998;35.0;25.75;1.0
True;198.01486416;25.05371666445242;21.0;14.516666666666667;2.0
False;122.30721911;15.71006870058651;16.0;13.816666666666666;0.0
True;89.186184019;6.417354153042044;8.0;26.71666666666667;0.0
True;47.487331951;56.34726057022059;70.0;36.98333333333333;2.0
False;226.05932709;9.325984990166983;10.0;5.816666666666666;0.0
True;336.25552024;10.299541516002648;10.0;24.166666666666664;1.0
True;263.24731825;51.4055971284044;59.0;34.46666666666667;2.0
False;143.18325089;6.508813654153297;1.0;13.333333333333332;0.0
True;542.15594251;14.585377874834805;24.0;23.950000000000003;1.0
True;303.8019117;13.128373053371604;49.0;14.466666666666669;2.0
True;274.9832529;16.09739698562111;16.0;19.933333333333337;1.0
True;94.845458876;10.48532711863434;14.0;29.616666666666667;1.0
True;553.1435575;37.614394972421664;73.0;14.1;1.0
True;261.70052933;16.28863515720421;20.0;22.95;1.0
True;103.38233867;35.66644307562126;47.0;10.933333333333334;1.0
True;373.36860818;26.1913013067294;26.0;17.416666666666668;1.0
True;285.55428086;11.316094642991064;15.0;13.616666666666667;1.0
True;311.74333342;20.562976811815727;21.0;16.21666666666667;0.0
True;515.43779728;8.24304210266418;5.0;19.23333333333333;0.0
True;109.51267948;4.486691468654323;5.0;7.916666666666666;0.0
True;161.98690526;8.579945029538464;6.0;16.3;0.0
True;567.9759523;11.421582146139691;7.0;18.883333333333333;0.0
True;98.212067557;10.557702756161708;4.0;11.6;0.0
True;160.11400097;6.229986573195438;7.0;23.03333333333333;1.0
True;660.04749657;14.582737723119832;17.0;15.5;0.0
True;246.39878046;27.45490622045752;34.0;25.883333333333333;2.0
False;349.82346783;10.610094744730205;7.0;18.98333333333333;0.0
True;461.51221909;11.149831137695992;18.0;21.96666666666667;1.0
False;611.34606574;32.90689026708108;31.0;16.883333333333333;1.0
True;416.31148394;29.21777116711438;28.0;25.55;2.0
True;950.1998347;3.943943339126693;3.0;14.783333333333337;0.0
True;297.42400392;25.08417565333643;20.0;12.733333333333334;2.0
True;186.3603893;19.628640548421508;21.0;37.06666666666667;1.0
True;338.34729113;9.559027460455104;11.0;20.316666666666663;1.0
False;330.38474961;26.239546276566013;19.0;20.53333333333333;0.0
True;463.91588147;21.985786090814564;25.0;19.96666666666667;1.0
True;177.55421742;8.205605251444629;6.0;20.65;0.0
True;290.40693715;20.922913951583528;26.0;22.416666666666664;0.0
True;504.78016203;14.31925100727362;17.0;24.46666666666667;1.0
True;296.94544251;12.365916494271294;11.0;23.71666666666667;1.0
True;178.58339561;12.51843003419012;18.0;12.033333333333337;0.0
True;143.363255;7.8385155441524095;10.0;21.916666666666664;1.0
True;446.10197855;20.270254292756743;9.0;25.95;1.0
True;233.13522679;6.239393656386344;8.0;21.55;1.0
True;64.967425523;23.919418633455663;23.0;41.95;1.0
False;263.23803037;13.483229077999155;13.0;11.7;0.0
True;128.52083366;22.51712979932155;46.0;30.48333333333333;1.0
False;224.90919769;4.964549875019971;2.0;11.016666666666666;0.0
True;230.7712707;18.885254704701087;31.0;12.7;2.0
False;182.29548446;66.75581465550306;61.0;25.35;1.0
True;278.40347865;70.41039316540537;68.0;46.56666666666666;3.0
True;211.38603264;28.81974717752635;22.0;73.45;1.0
True;144.43829065;15.609971313957594;18.0;19.78333333333333;1.0
True;1162.3563239;33.19823743207506;45.0;22.316666666666663;1.0
True;257.03315459;28.147203123659587;40.0;26.3;2.0
True;375.41708313;7.136181991518158;5.0;9.933333333333334;0.0
True;323.71586088;13.095626754881753;73.0;37.55;3.0
False;302.76481908;25.18287468506076;24.0;28.5;0.0
True;303.48530669;23.8008107245316;24.0;24.28333333333333;2.0
True;358.88298625;4.329357826545135;2.0;7.5;0.0
False;205.40590064;5.7976702467144845;5.0;14.033333333333331;0.0
True;602.61785809;7.316693161373471;3.0;17.0;0.0
True;126.43557881;11.64758725300202;14.0;13.833333333333332;1.0
True;372.43355542;3.9517404114932986;3.0;20.71666666666667;0.0
False;326.8716023;17.3941518487909;21.0;13.85;0.0
True;54.641807099;11.35686994654143;5.0;22.98333333333333;0.0
True;287.3537405;16.836790813849987;16.0;22.83333333333333;1.0
True;272.7223271;6.193223277542861;9.0;5.033333333333333;0.0
True;165.60774105;9.107515488435263;12.0;3.1;0.0
False;318.89306255;6.572492384902237;14.0;6.716666666666667;0.0
True;120.20466915;7.664858802429025;6.0;27.53333333333333;0.0
True;291.93800235;10.3933982804174;7.0;26.116666666666667;1.0
False;579.91197572;10.11803001114688;6.0;15.0;0.0
True;200.10011765;7.063006393827116;5.0;14.816666666666666;0.0
True;235.58250465;25.90299031494821;26.0;21.816666666666663;2.0
True;358.32544846;4.193689747205988;4.0;4.883333333333334;0.0
True;78.866262409;4.721086086157092;2.0;38.61666666666667;0.0
True;124.23950206;13.25898191748207;5.0;19.316666666666663;0.0
True;244.87098317;16.05156067783563;18.0;18.516666666666666;1.0
True;292.47747915;7.800797907223836;7.0;11.566666666666666;0.0
True;455.5414583;7.152657952822247;3.0;13.0;0.0
False;328.39963903;69.55964647315413;64.0;22.966666666666665;3.0
True;290.86101221;16.852189139683297;18.0;8.149999999999999;0.0
True;213.45238575;23.3044758343766;16.0;16.85;1.0
True;227.16678376;11.530301340743344;3.0;16.21666666666667;0.0
True;57.718814159;76.00204038031096;83.0;33.516666666666666;2.0
True;208.70717541;6.9562342744214485;8.0;26.25;1.0
True;1404.765446;14.181851744069856;12.0;25.28333333333333;1.0
True;240.65794516;18.449585761640584;34.0;37.56666666666666;3.0
True;356.41600059;17.582013184246048;23.0;18.71666666666667;1.0
True;708.79178506;13.004610286658291;8.0;26.3;0.0
True;263.36545227;6.163090335207107;3.0;29.450000000000003;0.0
True;195.51189941;8.099582589652833;10.0;16.633333333333333;0.0
True;162.64863018;12.82582936896595;12.0;39.66666666666667;2.0
True;200.10011765;6.702687413140845;4.0;10.25;0.0
True;995.10202902;15.931259669199047;21.0;33.8;2.0
True;65.540860141;2.101374065479676;1.0;3.783333333333333;0.0
True;330.3850029;53.41623444869262;92.0;35.08333333333333;3.0
False;126.43557881;12.228321091380112;5.0;13.533333333333331;0.0
True;402.13927469;4.164446705879587;1.0;16.433333333333334;0.0
True;142.38739704;48.20532350181229;60.0;39.83333333333333;3.0
True;97.494460716;39.22004926685005;50.0;23.03333333333333;3.0
False;338.49201816;21.521693718710864;13.0;25.03333333333333;0.0
True;523.43801481;56.949868465718886;75.0;15.266666666666667;3.0
True;384.55499116;17.487701839009226;41.0;8.133333333333333;1.0
True;395.24302311;16.577397104771574;26.0;27.5;0.0
True;448.89383794;7.278286592262274;10.0;9.733333333333334;0.0
True;182.11006921;11.22407187967882;8.0;21.683333333333334;0.0
True;164.22127032;11.601799746455391;13.0;30.08333333333333;1.0
True;169.37815993;11.454233485365616;5.0;24.7;0.0
False;790.54147897;60.5082335012431;52.0;25.116666666666667;1.0
True;62.279905189;38.64890663068616;25.0;35.483333333333334;2.0
True;259.2943002;37.57939777327065;29.0;19.9;1.0
False;180.30346522;49.1745320413905;43.0;18.71666666666667;1.0
True;181.91736137;8.089229541434356;2.0;23.216666666666665;0.0
True;489.80743433;46.99259615194711;64.0;45.85;3.0
True;363.43790625;16.25919428607848;22.0;10.616666666666667;2.0
True;91.961857991;13.341449959838233;19.0;17.03333333333333;1.0
True;181.07463422;24.448331644227416;30.0;29.48333333333333;1.0
True;236.28105457;8.694960003300318;4.0;19.6;0.0
True;294.36024919;5.803355158429693;1.0;14.083333333333332;0.0
True;358.07905843;7.348675461998508;7.0;21.05;0.0
True;354.55652847;40.00833609192363;54.0;29.6;2.0
True;139.42087343;16.83041127353711;18.0;24.56666666666667;1.0
True;426.94828986;53.7545998360665;37.0;34.91666666666667;2.0
True;915.12719833;11.023561336141476;12.0;25.85;0.0
True;384.89783377;16.070179658246143;26.0;9.133333333333333;1.0
True;94.173298137;8.842897148398212;9.0;25.35;0.0
True;125.6181463;65.69544146122541;102.0;28.58333333333333;3.0
True;324.66472594;16.572926798541683;17.0;17.65;1.0
True;197.56981752;7.163044716382729;6.0;16.21666666666667;0.0
True;298.07157128;19.41382093152348;45.0;11.433333333333334;1.0
True;261.50437258;36.40754427021088;83.0;34.96666666666667;3.0
True;608.66808397;6.66327587474697;4.0;25.333333333333336;0.0
True;302.4129101;7.122578868503394;4.0;16.049999999999997;0.0
False;455.71897542;8.77240792993936;6.0;8.1;0.0
False;170.6609807;12.479330314127816;10.0;5.383333333333333;0.0
True;456.09063796;52.65543344205928;81.0;21.116666666666667;1.0
True;95.905572137;25.72476138597965;40.0;16.666666666666668;1.0
True;772.67234774;7.457653550523409;4.0;16.316666666666666;0.0
False;315.82478494;14.894175702894287;35.0;12.633333333333333;0.0
True;397.32613614;6.120713025257161;11.0;23.066666666666663;0.0
True;134.25955126;54.5742566609763;56.0;27.75;3.0
True;65.197244255;43.0486200191148;48.0;26.566666666666663;1.0
True;136.14007128;8.93638022566379;14.0;20.03333333333333;0.0
True;288.76691795;31.27992675534896;36.0;43.95;2.0
True;238.44616613;17.862195344580073;22.0;24.9;1.0
False;245.78881112;30.571459194294683;27.0;25.566666666666663;1.0
True;305.38722019;18.8705167140945;40.0;21.05;1.0
True;553.1435575;46.92739379769998;76.0;20.96666666666667;2.0
False;189.69934996;65.73580340520851;72.0;23.616666666666667;1.0
True;230.84051305;50.26315804513721;75.0;30.0;1.0
True;397.76085629;19.86656484458825;45.0;41.766666666666666;3.0
True;1361.1910756;19.54229238428352;21.0;19.35;0.0
False;421.98208059;14.851691321653878;15.0;15.0;1.0
True;229.15793264;21.729847177598486;31.0;20.333333333333336;2.0
True;562.94635808;14.76504026395192;26.0;18.8;1.0
True;130.25684952;9.32928453165035;15.0;19.35;0.0
True;136.98322483;22.7175121854888;29.0;15.25;1.0
False;350.42532492;33.026814252811924;18.0;14.416666666666668;1.0
True;148.43450016;6.912281509836241;3.0;25.883333333333333;0.0
True;670.58858731;14.807414117523315;20.0;16.383333333333333;1.0
False;390.47312776;26.6819115892584;14.0;13.983333333333334;0.0
True;186.33752046;8.940000262331086;13.0;11.5;0.0
True;200.59816638;42.75873274853824;45.0;7.616666666666667;3.0
True;133.68595805;16.369807110317907;72.0;30.85;2.0
True;56.778693148;52.52929189662425;60.0;35.43333333333333;1.0
True;72.300276975;11.169029410942032;13.0;16.3;0.0
False;1309.5624053;9.961377134715658;15.0;16.05;0.0
True;179.8971813;39.20125830943029;62.0;50.23333333333333;3.0
True;113.32988722;8.868743709674655;11.0;18.066666666666663;1.0
False;288.59033557;15.083181285532982;3.0;18.85;0.0
False;282.70303249;6.880726399851806;13.0;4.3;0.0
True;347.11646664;15.456027891621822;17.0;20.93333333333333;1.0
True;243.95467967;38.27387737851991;37.0;23.616666666666667;2.0
True;325.84818842;24.58668686831999;26.0;17.033333333333335;1.0
True;179.10116822;76.817553257126;115.0;23.433333333333334;3.0
True;271.07143127;2.600448334688785;3.0;11.15;0.0
False;113.86077004;5.819216074596716;6.0;14.733333333333333;0.0
False;357.44241375;38.30174828392641;22.0;26.916666666666668;1.0
True;530.30855718;7.390439196682152;1.0;20.83333333333333;0.0
True;179.8971813;59.726144168579054;59.0;28.633333333333336;2.0
True;388.91830195;9.9156792358939;10.0;10.916666666666666;1.0
True;235.11382009;13.00915018889108;3.0;14.433333333333334;0.0
True;196.46893975;12.45196098086597;3.0;14.05;0.0
True;294.06949516;26.2943935424761;46.0;63.88333333333333;2.0
True;270.63289845;35.89396529011255;45.0;28.566666666666663;2.0
False;106.81978624;26.56561027949969;22.0;21.666666666666664;0.0
False;224.58969716;8.348569399636702;3.0;18.48333333333333;0.0
True;252.27956766;10.161852770901175;13.0;15.766666666666667;0.0
True;289.92385967;22.68806164497591;36.0;27.1;0.0
True;245.54030449;12.62261264888562;22.0;19.616666666666667;0.0
True;491.33004424;3.993217702157936;2.0;17.383333333333333;0.0
True;237.28153091;24.188808207402072;31.0;23.15;2.0
True;135.95023912;27.827780939944265;32.0;34.8;1.0
True;230.49091419;15.137858629828424;11.0;18.616666666666667;1.0
True;92.632764374;17.602632136365006;24.0;21.23333333333333;0.0
True;352.84600768;22.21138736780137;18.0;18.98333333333333;0.0
True;523.43801481;10.989516254235568;9.0;24.98333333333333;1.0
True;133.68595805;10.98346497266036;12.0;13.783333333333331;0.0
True;541.39500178;38.21066679455339;74.0;20.766666666666666;3.0
True;263.9958861;11.184614690472491;8.0;24.83333333333333;1.0
True;255.38110004;42.85469280173538;64.0;20.766666666666666;3.0
False;489.52780911;54.64270833132039;69.0;12.9;2.0
True;485.76100303;8.319524698577272;3.0;7.866666666666667;0.0
True;499.91870168;6.977394591771677;1.0;15.733333333333333;0.0
True;100.19868465;29.470706802377205;28.0;25.33333333333333;1.0
False;102.50505162;38.584693548631314;31.0;13.783333333333331;1.0
True;279.41389177;7.367567137962355;5.0;18.133333333333333;0.0
True;421.1579026;21.10919396634469;21.0;14.75;1.0
False;292.88984116;26.707406206496568;21.0;18.633333333333333;1.0
True;516.64118441;8.180394161017354;3.0;16.5;0.0
True;863.14127594;11.820327843563197;18.0;17.65;0.0
True;168.77307964;22.03665998307239;45.0;38.86666666666666;2.0
True;395.24302311;20.07863340415532;36.0;7.649999999999999;1.0
True;842.17949683;19.95306409381638;11.0;18.933333333333334;1.0
False;628.66882402;16.723806296415226;23.0;7.300000000000001;0.0
True;352.7492307;53.00950686961276;30.0;33.05;3.0
True;210.97408587;7.983909450146227;2.0;16.083333333333332;0.0
True;74.702480981;24.68886132508495;40.0;16.15;1.0
False;277.72460026;12.825707269393238;12.0;16.15;0.0
True;111.60616335;5.733627501986008;6.0;17.016666666666666;0.0
True;262.53754875;14.153107541721472;12.0;21.75;1.0
True;225.48790062;17.282950386512958;21.0;31.95;1.0
True;179.14865469;10.729210562011684;15.0;28.43333333333333;0.0
False;757.85422946;9.364455836623767;8.0;13.183333333333334;0.0
True;116.14592439;3.802876473539063;4.0;16.766666666666666;0.0
True;476.43919465;21.994386963959723;17.0;36.866666666666674;2.0
True;245.94460028;9.79367586970335;12.0;19.45;0.0
True;198.18023536;35.15353799411621;17.0;35.0;1.0
True;543.9319567;13.641230580642263;7.0;26.066666666666663;1.0
True;766.60725203;24.31229684917185;28.0;19.4;1.0
True;229.02657177;46.72139860443288;50.0;38.23333333333333;2.0
True;320.67122576;17.6943681421388;41.0;31.8;2.0
True;256.19887181;3.1184166497273265;4.0;5.716666666666667;0.0
True;562.91922539;32.853331081165294;68.0;34.25;2.0
True;966.273214;14.411521613150224;26.0;18.016666666666666;1.0
True;226.61023839;10.974801026455468;8.0;14.4;1.0
True;656.76951794;5.674843315123258;0.0;19.316666666666663;0.0
False;404.2713798;14.946976464551078;10.0;12.183333333333334;0.0
True;140.61391332;33.80932893730901;24.0;14.683333333333334;2.0
True;399.56433976;21.133496398434232;21.0;29.06666666666667;2.0
True;136.98322483;26.503268885102614;33.0;16.633333333333333;1.0
False;281.94105805;37.9718471390142;20.0;11.8;0.0
False;139.15103661;15.272627279294158;10.0;19.58333333333333;0.0
True;164.22127032;6.294438922271512;6.0;34.7;1.0
True;300.64018465;23.11168350913968;25.0;38.333333333333336;1.0
False;239.8445386;42.43028629889365;41.0;21.23333333333333;1.0
True;59.831542339;19.98215699194724;10.0;20.916666666666668;0.0
True;271.81654273;5.44939552472323;3.0;19.96666666666667;0.0
True;207.78591551;7.387481051632684;9.0;19.7;0.0
True;330.60061926;20.35839397231024;9.0;30.25;0.0
True;308.67972856;33.5196569358944;26.0;20.933333333333337;1.0
True;469.66441072;29.79302454642318;30.0;20.216666666666665;1.0
True;443.68994205;13.524660808196131;11.0;18.383333333333333;0.0
True;163.26309311;28.767586699584992;67.0;31.5;3.0
True;352.41655399;1.4337539619101003;4.0;10.55;0.0
True;761.97161745;34.0723878502016;37.0;16.75;1.0
True;81.826777497;6.5878754820479655;2.0;19.4;0.0
False;50.862692954;24.87246270043966;17.0;19.8;0.0
True;201.22352218;10.22297724738405;14.0;16.45;0.0
True;541.5722858;16.01442614508442;35.0;14.616666666666667;1.0
True;233.19903756;13.471062178353392;25.0;15.883333333333333;0.0
True;188.46811022;6.189473031431372;2.0;4.966666666666667;0.0
True;384.05425931;32.47426382031233;40.0;33.81666666666666;3.0
False;556.2048716;7.4476832489975475;2.0;21.78333333333333;0.0
True;333.43145819;9.36418195805496;13.0;24.75;1.0
True;163.59948379;39.89680456273285;64.0;41.516666666666666;3.0
True;143.29119872;13.477609653025604;8.0;38.65;1.0
True;131.59033355;8.265103506556954;20.0;33.45;1.0
True;270.53676323;5.480596275528593;21.0;18.116666666666667;0.0
True;519.23313889;18.966765323020457;41.0;17.85;1.0
True;549.13058479;50.284730926300966;76.0;14.833333333333332;3.0
True;226.05932709;6.414360548876137;7.0;15.25;0.0
True;203.86565292;11.191060729031856;10.0;22.883333333333333;0.0
True;178.67982334;15.451273679369791;14.0;24.6;1.0
False;637.48797896;11.603721406096271;2.0;17.55;0.0
True;444.98791224;31.49769068564552;48.0;14.316666666666666;1.0
True;122.52630222;46.89409368643015;60.0;23.133333333333336;2.0
False;380.4217629;15.673299974158542;10.0;20.266666666666666;0.0
False;624.77360857;3.8452803183302815;2.0;16.28333333333333;0.0
False;156.59778595;53.83207771147689;46.0;19.183333333333334;1.0
True;289.70848539;6.605998694467171;4.0;32.56666666666666;0.0
True;274.9832529;11.863716314414413;17.0;23.6;0.0
True;336.11517724;8.979336836310583;8.0;14.216666666666669;0.0
True;148.16470357;9.424069886023588;3.0;17.683333333333334;0.0
True;134.75472555;3.099657697330099;2.0;2.3833333333333333;0.0
True;120.36303254;31.56515093100661;69.0;49.366666666666674;3.0
True;396.00515266;20.263009130598665;106.0;30.1;1.0
True;505.44921586;33.82023382724973;37.0;17.3;1.0
True;146.53899618;33.778173440859504;48.0;25.833333333333336;2.0
True;78.640074827;28.119157406132747;47.0;26.25;3.0
False;473.30172591;15.851125573937711;6.0;25.96666666666667;0.0
True;91.234243686;41.34227443687976;68.0;32.0;2.0
True;142.35902128;11.675950806411889;18.0;10.416666666666666;0.0
True;382.10487184;52.46617178518949;46.0;21.3;2.0
True;305.09675177;36.93396046644807;106.0;31.96666666666667;3.0
False;126.96823258;6.507141919532641;2.0;18.71666666666667;0.0
True;296.08593212;40.38531361803205;52.0;18.5;1.0
True;257.76333019;31.19776585585629;74.0;26.71666666666667;1.0
False;109.86625392;9.902010872457293;6.0;6.966666666666667;0.0
True;302.76481908;17.475980019438996;17.0;30.05;0.0
False;326.4340304;7.330250665263285;2.0;12.45;0.0
False;334.69654071;45.9338674678968;25.0;19.416666666666664;1.0
True;767.94250063;32.86682240072005;23.0;16.933333333333334;1.0
True;54.641807099;21.73958954560512;32.0;25.23333333333333;1.0
False;271.17359927;16.27073193195608;5.0;11.983333333333334;0.0
False;549.66985851;45.92541106610849;53.0;24.53333333333333;2.0
True;116.32643866;3.146595214222052;4.0;13.133333333333333;0.0
True;230.19601607;38.48801728065223;51.0;35.333333333333336;2.0
True;218.33534731;10.65088077122317;5.0;13.633333333333333;0.0
True;261.47584107;2.373232269323383;2.0;9.5;0.0
True;185.16555863;10.370233482441147;23.0;20.583333333333336;1.0
False;314.11518003;2.764381204324592;5.0;7.949999999999999;0.0
True;212.49958674;8.984953656643965;4.0;20.116666666666667;0.0
True;50.862692954;35.0993614834279;38.0;24.933333333333337;2.0
True;463.86888247;16.87212438340131;23.0;17.616666666666667;1.0
True;592.76226035;24.094320031713583;31.0;29.066666666666663;1.0
True;211.33142244;12.726667119617538;20.0;19.166666666666664;0.0
True;219.48937337;19.381851958525587;32.0;25.833333333333336;2.0
True;950.86284906;44.07438957394888;40.0;38.333333333333336;2.0
False;262.0993149;65.22874396579361;12.0;34.599999999999994;1.0
False;405.81596389;5.701864008312718;6.0;11.716666666666669;0.0
True;348.00595713;20.93141205880365;30.0;15.366666666666667;1.0
True;386.49338908;11.456880764356258;10.0;16.0;1.0
True;233.25447411;16.056211311419055;9.0;16.7;0.0
True;208.59517044;15.232822069588046;45.0;35.36666666666667;3.0
True;364.06860494;10.038018836067977;66.0;31.85;2.0
True;434.9079729;20.40760805132521;24.0;22.0;1.0
True;243.79374944;8.228461974161279;10.0;22.33333333333333;1.0
True;39.163101046;24.873684077151303;39.0;28.500000000000004;2.0
False;293.84538112;9.701923506138098;23.0;9.183333333333334;0.0
True;362.37732994;13.18577481332508;2.0;16.96666666666667;0.0
False;79.587860712;32.47321829085888;27.0;25.78333333333333;0.0
True;398.28739822;26.44713027721889;44.0;16.4;1.0
True;222.26748517;6.837957104427121;5.0;15.4;0.0
True;297.24232605;5.005831620757541;6.0;14.95;0.0
False;344.27798102;15.699039179301092;7.0;16.366666666666667;0.0
True;384.34243672;14.577998479319229;15.0;20.15;1.0
True;521.54946654;5.428973712991526;7.0;8.65;0.0
False;362.20929496;45.61653432781944;62.0;25.366666666666667;1.0
False;372.85672066;7.167143494850557;14.0;15.066666666666666;0.0
False;121.34893951;39.69431721257461;44.0;12.666666666666666;1.0
True;203.5060097;11.32628132729717;3.0;18.53333333333333;0.0
True;863.36379653;18.153335959249787;17.0;38.45;2.0
True;479.42277513;10.22377398107276;6.0;30.9;0.0
True;255.40671467;11.96460267827474;16.0;18.05;1.0
True;403.36122338;19.68378700130469;79.0;56.78333333333333;3.0
True;354.19847055;29.73062138386751;36.0;7.8;1.0
True;332.86954424;8.534759959135616;3.0;14.55;0.0
True;731.49197966;22.31086237576313;36.0;28.21666666666667;2.0
True;260.55274483;22.071878299467688;14.0;22.666666666666664;0.0
True;344.27798102;15.699039179301092;7.0;16.366666666666667;0.0
True;257.38508463;16.166000827426625;12.0;18.4;0.0
False;234.72992256;4.375758032787504;5.0;9.616666666666667;0.0
True;46.112399036;11.807216623114703;11.0;20.8;0.0
True;161.48869586;8.257912258075509;4.0;20.266666666666666;0.0
False;400.65714221;24.7189559550124;24.0;10.783333333333331;2.0
True;181.53780736;7.563096713789529;6.0;19.200000000000003;0.0
False;322.28156786;10.629327805216883;20.0;17.283333333333335;0.0
False;380.36128951;20.79385809987056;31.0;13.283333333333331;0.0
False;180.30346522;43.85302254965241;41.0;18.71666666666667;1.0
True;644.08356663;5.207890322454486;66.0;35.6;2.0
False;268.5127408;8.171456553690765;6.0;13.25;0.0
True;354.14586056;57.84266810493696;60.0;31.83333333333333;3.0
True;494.24469917;9.200700319097631;11.0;26.8;1.0
True;321.53214912;15.450794062111235;22.0;26.766666666666666;1.0
True;256.19887181;47.79669459857174;54.0;42.13333333333333;1.0
True;542.52640837;35.876147140372204;41.0;15.716666666666669;2.0
False;233.85944807;9.398241807898662;3.0;14.483333333333333;0.0
True;94.600020967;37.43318575307895;48.0;10.216666666666669;2.0
True;240.17642455;16.283023664788253;38.0;25.23333333333333;2.0
True;560.08417442;20.4116539473661;22.0;18.866666666666667;1.0
True;200.7680858;45.97947497674792;84.0;29.366666666666667;2.0
True;153.34727247;16.367914652277175;18.0;23.183333333333334;0.0
False;205.74269867;4.099728965915699;4.0;4.5;0.0
True;233.19903756;9.918694952174654;9.0;22.866666666666667;1.0
True;160.11400097;39.75874546535453;48.0;45.3;2.0
True;270.86894703;35.884269010381445;45.0;38.38333333333334;2.0
True;342.17172359;9.909927381860838;16.0;18.5;0.0
False;344.98242155;19.164989445692864;17.0;18.950000000000003;1.0
False;77.316417951;13.05458771119079;5.0;20.33333333333333;0.0
True;250.78663455;13.482222122874497;7.0;27.7;0.0
True;568.02605288;25.757281245118595;29.0;24.46666666666667;1.0
False;410.95000937;10.645002465816122;8.0;11.133333333333336;1.0
True;255.40671467;18.800025635708785;21.0;18.566666666666663;1.0
False;391.36002742;32.22619000527093;36.0;17.3;1.0
True;323.65291021;42.40493227653881;35.0;18.03333333333333;2.0
True;134.75472555;13.438306141282077;24.0;31.1;1.0
False;229.02657177;10.296724159148187;18.0;5.5;0.0
False;412.85760669;8.495108667153643;4.0;14.266666666666666;0.0
True;317.00821412;21.040387610120387;57.0;25.15;2.0
True;134.5632695;2.319916903404541;2.0;8.066666666666666;0.0
False;264.16538132;17.329922447841028;21.0;17.0;0.0
True;363.92628902;49.31814594032952;85.0;28.1;2.0
True;180.67190086;15.59159050617647;13.0;25.183333333333334;0.0
True;265.89412558;33.69752471971404;35.0;17.25;2.0
True;199.3425316;40.54373889267403;43.0;41.45;3.0
True;312.03912008;17.991535770695805;26.0;14.849999999999998;1.0
False;156.05169044;70.46742575747935;42.0;21.65;1.0
False;701.88873823;32.78013184958324;22.0;15.733333333333333;0.0
True;280.48692993;12.93501713511962;12.0;20.416666666666668;1.0
False;231.39066859;5.303035216193304;3.0;9.866666666666667;0.0
True;234.82231187;28.639188521555727;30.0;28.383333333333336;1.0
True;331.186597;12.884329010557549;51.0;17.816666666666666;2.0
True;140.98218384;9.476038702387646;2.0;23.08333333333333;0.0
True;484.86836917;51.21978891571252;67.0;18.55;3.0
True;161.25050887;8.30445522024088;4.0;22.0;0.0
False;1105.7885046;9.906321089109548;6.0;16.45;0.0
True;362.01929398;21.92745013412764;42.0;28.25;1.0
True;252.65300272;13.49849777127429;39.0;27.066666666666663;1.0
True;172.25913179;63.778482300447706;53.0;27.6;3.0
True;583.45846134;38.047912027683786;56.0;26.85;1.0
False;615.96521579;11.391108380827792;6.0;19.21666666666667;0.0
False;518.29548102;12.14474715622074;16.0;5.4;0.0
True;259.15574984;14.672222065940645;7.0;20.03333333333333;0.0
False;179.8971813;57.17893804833202;63.0;20.65;2.0
True;145.75345272;6.787292378354851;16.0;32.46666666666666;1.0
True;296.2608411;12.719847076179564;47.0;20.65;1.0
False;529.96324119;10.31820441027171;9.0;14.783333333333331;0.0
False;181.60823465;8.990070219403544;3.0;9.3;0.0
True;129.36646921;12.568382923609278;7.0;25.583333333333336;0.0
True;1635.3508011;11.60489383517018;34.0;23.25;2.0
True;169.33244663;40.51164486356233;39.0;29.03333333333333;2.0
False;211.23484913;62.10593434554993;33.0;13.85;1.0
True;193.2065304;2.062828469869042;1.0;8.383333333333333;0.0
True;135.22222823;18.97410219663364;21.0;11.283333333333331;1.0
True;312.98380669;39.64703756163153;54.0;24.383333333333333;3.0
True;255.40671467;17.95775871096001;14.0;11.233333333333334;0.0
False;150.66173449;4.315038217335509;3.0;8.166666666666666;0.0
True;169.16887153;7.841947070379178;3.0;15.45;0.0
True;274.78123486;17.747780525645414;16.0;20.066666666666663;0.0
False;204.33739971;9.279983538253449;8.0;12.033333333333331;0.0
False;292.06777016;57.899358066726734;63.0;28.316666666666663;1.0
True;375.41708313;8.019252392608612;7.0;26.566666666666663;0.0
True;329.81893504;6.9034767268403945;7.0;7.800000000000001;0.0
False;254.67995953;10.73928834486428;7.0;14.783333333333331;0.0
False;682.7804399;20.500015922942616;32.0;23.5;0.0
True;291.77103837;47.05328320503565;79.0;42.8;3.0
True;287.97446335;12.193908876334312;13.0;36.41666666666667;0.0
True;139.45724097;20.74940046069476;28.0;21.98333333333333;2.0
False;452.85811876;38.031448920354016;30.0;23.21666666666667;0.0
True;237.27798021;3.8372258836198574;1.0;14.866666666666667;0.0
True;609.88777676;2.881418983078882;1.0;3.7;0.0
True;107.90412136;25.8796338445408;33.0;23.366666666666667;1.0
True;301.39254956;11.03443468975408;6.0;15.75;0.0
True;239.84572879;5.409342815976982;8.0;18.0;0.0
False;528.59294962;9.535794897168868;2.0;12.633333333333333;0.0
True;158.94148336;5.254399081719344;5.0;8.65;0.0
True;625.71634458;17.381298115592116;15.0;25.0;2.0
True;183.80964128;5.228698177702076;3.0;28.9;0.0
True;109.86096556;8.09170316121836;6.0;14.95;0.0
False;246.91357996;19.23449908479604;11.0;27.03333333333333;0.0
True;238.21526751;32.75773661420792;45.0;23.116666666666667;3.0
True;173.3708519;6.542445132988521;17.0;23.866666666666667;1.0
True;186.24435785;29.78341011036192;41.0;31.48333333333333;2.0
True;129.43476167;33.76364989033855;29.0;22.566666666666663;1.0
True;167.07763973;17.16503885345549;11.0;13.05;1.0
False;160.64195262;57.470453141940695;43.0;14.116666666666667;2.0
True;346.98210696;19.680279196568687;13.0;19.28333333333333;0.0
True;166.46300612;34.152066159715126;17.0;22.683333333333337;1.0
True;484.48427731;9.750945317308243;4.0;18.566666666666663;0.0
True;348.49031766;22.97096060983436;28.0;16.933333333333334;1.0
True;390.68799718;29.10592818004253;41.0;18.5;2.0
True;663.18930432;11.340848228185171;20.0;23.81666666666667;1.0
False;172.65004257;14.16050828069058;6.0;16.53333333333333;1.0
False;444.98791224;36.7331895969358;25.0;13.85;1.0
True;241.91178323;11.120666532400293;25.0;30.0;1.0
False;775.42009039;6.700245688422198;13.0;8.583333333333334;0.0
False;523.43801481;119.0520056465515;87.0;34.46666666666667;2.0
True;824.63552374;6.090521857554632;3.0;16.45;0.0
True;202.42798446;29.724423422967515;32.0;17.566666666666666;1.0
True;218.17847958;22.612179882796774;31.0;27.5;2.0
False;668.37747616;10.066520002918695;8.0;18.683333333333334;0.0
False;477.11385401;26.81078673074201;21.0;10.2;1.0
True;246.78070516;59.93320006855465;122.0;27.1;3.0
False;198.84887204;10.933458736937189;10.0;5.966666666666667;0.0
False;324.66472594;35.003351696449315;23.0;18.85;1.0
True;150.97686689;28.328064640484858;44.0;32.11666666666667;4.0
True;264.07023185;9.49135668000909;17.0;21.3;0.0
False;245.78881112;6.926516682126828;4.0;11.133333333333333;0.0
False;359.83345333;9.5988678948928;10.0;8.7;0.0
False;252.25708727;15.507154585392351;20.0;18.5;0.0
False;237.71965362;68.52067360345897;90.0;17.3;2.0
True;96.584283733;13.035037279814738;38.0;21.383333333333333;2.0
True;175.54014119;38.454312767880026;40.0;12.7;1.0
True;196.59467708;21.549189283746564;35.0;20.06666666666667;2.0
False;701.33663091;46.94936541598463;47.0;17.266666666666666;0.0
True;46.112399036;11.127229396984069;8.0;17.083333333333332;0.0
False;649.27542732;5.656757347945158;2.0;4.35;0.0
False;272.97796475;8.617294817502406;7.0;10.35;0.0
True;189.17852858;30.24307445614109;29.0;27.833333333333336;2.0
False;305.44452644;8.033951392591032;6.0;11.4;0.0
False;206.36793192;16.952890355323326;4.0;12.866666666666667;0.0
True;242.22950459;21.027861854956083;29.0;13.333333333333334;0.0
True;970.25785871;17.747748076529263;22.0;10.966666666666669;0.0
True;528.55329062;39.56367185667055;29.0;29.31666666666667;2.0
True;819.93947658;13.58234817499564;13.0;18.016666666666666;0.0
True;190.6143015;16.196168194726788;41.0;23.48333333333333;2.0
False;1219.2144933;16.600022337444265;18.0;15.933333333333334;0.0
True;199.94497414;46.23407259891125;72.0;27.416666666666668;2.0
False;1489.1339557;7.247337597692414;3.0;10.483333333333333;0.0
True;558.70065034;36.14522362588064;36.0;29.616666666666667;2.0
True;648.3327004;51.83851443887335;50.0;23.93333333333333;2.0
True;356.25038394;28.89707855569784;24.0;27.466666666666665;1.0
True;241.91178323;13.154413484498765;26.0;29.98333333333333;1.0
True;510.58367535;9.724055108236046;7.0;18.56666666666667;0.0
False;185.98351316;6.130133558207535;1.0;14.433333333333334;0.0
False;573.14414543;12.242170485436722;19.0;4.6;0.0
True;189.71119057;12.53488637081752;12.0;21.333333333333336;1.0
True;162.36203665;22.25771554102815;34.0;27.28333333333333;2.0
True;113.43482363;6.970196586573599;6.0;36.3;1.0
True;593.44970153;20.34203436036736;31.0;26.03333333333333;2.0
True;497.09239948;6.15515898646342;9.0;23.433333333333334;1.0
True;378.01564687;52.6163147302201;43.0;33.56666666666666;2.0
True;138.10212576;5.504217743469652;2.0;22.2;0.0
True;83.620072208;9.505035773994708;4.0;10.916666666666666;0.0
True;364.3861092;1.543063035294754;3.0;2.3666666666666667;0.0
True;314.54416867;27.27174804263565;22.0;28.33333333333333;1.0
True;418.28120505;22.961104714908224;39.0;34.65;1.0
True;292.47747915;11.788582104589494;14.0;28.73333333333333;0.0
True;264.19635047;22.03571429275972;28.0;23.05;1.0
True;447.69446704;12.934438925913312;9.0;21.8;0.0
True;133.8849171;14.040522891322697;7.0;31.116666666666667;0.0
False;65.197244255;10.139777528748905;7.0;11.55;0.0
True;431.20355861;7.321220200588248;10.0;8.3;0.0
True;349.25347258;12.130660496320884;17.0;27.950000000000003;0.0
False;137.3910033;14.850850415907097;22.0;12.366666666666667;0.0
True;421.80745545;27.44518287191343;27.0;28.116666666666667;2.0
True;420.67364424;29.89458916302728;37.0;28.166666666666664;2.0
True;287.97760445;6.985552875187602;10.0;22.03333333333333;0.0
True;189.83661336;5.664326375739788;5.0;10.2;0.0
False;74.702480981;3.2267152591261565;1.0;2.216666666666667;0.0
True;647.65091496;9.950209930452134;62.0;20.73333333333333;2.0
True;317.08108932;42.63548552664607;58.0;32.96666666666667;3.0
True;264.30658211;29.264235173040536;37.0;30.116666666666667;1.0
True;185.16555863;7.778574197200022;5.0;11.7;0.0
False;211.02522913;18.616452862073928;9.0;25.200000000000003;0.0
True;192.06403004;36.660979779393706;67.0;21.183333333333334;1.0
True;179.14865469;7.658163331215774;11.0;24.21666666666667;0.0
False;169.16887153;11.33185004519062;5.0;16.65;0.0
True;403.54461223;14.116199750609509;30.0;22.25;1.0
True;168.77307964;27.24391679851177;53.0;23.78333333333333;3.0
True;264.68407697;5.992196172083438;1.0;23.6;0.0
True;565.20729107;11.39323313022154;5.0;20.55;0.0
False;166.61044674;60.02162519083733;55.0;19.7;2.0
False;222.91382178;9.349002449729989;4.0;12.266666666666666;0.0
False;354.74641558;59.319930292098654;50.0;21.65;2.0
True;186.98744014;44.71037947885167;47.0;29.28333333333333;2.0
True;154.83935933;8.41938581289342;18.0;27.616666666666667;1.0
True;220.44688101;56.97493112567328;75.0;37.4;2.0
True;416.87173812;2.8926360483146056;6.0;4.716666666666667;0.0
True;110.97816575;10.671264202039184;12.0;22.2;0.0
True;1208.532116;7.77668419130293;3.0;31.583333333333336;0.0
False;246.04955927;37.40766526397627;30.0;18.6;1.0
False;337.61042285;3.762250938059142;5.0;9.816666666666666;0.0
True;149.4072418;10.934776670919698;8.0;24.48333333333333;0.0
True;850.19314491;10.199533480083929;11.0;10.6;1.0
True;121.00761814;59.32422211030684;56.0;43.58333333333333;1.0
True;319.98353141;9.851180741884844;13.0;21.15;0.0
True;370.91894248;3.4120918348490266;2.0;12.233333333333334;0.0
True;346.35486613;23.483273284442664;20.0;22.25;1.0
True;258.66020639;30.955014539924264;33.0;26.53333333333333;0.0
True;182.93532851;33.209789688240605;59.0;32.93333333333334;3.0
True;245.89654981;10.16046103062663;8.0;13.6;0.0
False;582.94791889;64.16964917644265;55.0;10.566666666666666;2.0
True;424.47482973;22.98779596966531;39.0;18.516666666666666;1.0
True;576.8524503;4.268617622722594;9.0;12.2;0.0
False;225.62448433;24.203536369690404;11.0;18.43333333333333;0.0
True;116.32643866;4.62734560962146;1.0;31.73333333333333;0.0
True;271.17359927;33.47872295548282;29.0;32.33333333333333;2.0
True;132.15867964;9.002971106045763;17.0;15.366666666666667;0.0
True;320.09508493;13.013253485987278;15.0;20.683333333333334;0.0
False;139.46970503;42.08381034276117;31.0;24.883333333333333;1.0
False;147.66084951;1.2141747708289548;3.0;4.616666666666667;0.0
True;168.65542948;29.93425171527205;36.0;27.966666666666665;2.0
True;600.80152326;29.817499822859748;83.0;22.916666666666664;2.0
True;240.17642455;2.200873050164586;60.0;42.63333333333333;2.0
True;767.94250063;24.29073076744256;18.0;26.05;1.0
True;219.48937337;5.353709680884396;6.0;14.216666666666663;0.0
False;159.36964037;49.76308407708222;37.0;15.316666666666666;2.0
True;107.85917745;12.53008419291334;6.0;30.18333333333333;0.0
False;74.273993258;14.161037815934424;11.0;18.433333333333334;0.0
True;569.87706684;27.96175160598719;34.0;21.78333333333333;1.0
False;321.53214912;11.580775164132254;19.0;7.966666666666667;0.0
True;219.24379925;16.944137489423532;33.0;26.53333333333333;0.0
False;397.32613614;18.8923406138586;24.0;10.216666666666669;1.0
True;260.42132832;35.62390485505224;44.0;35.21666666666667;2.0
True;149.62828209;39.3470270175662;51.0;59.56666666666667;3.0
True;138.81637984;39.75477894378432;73.0;31.166666666666664;1.0
True;244.78668852;8.796518162203055;11.0;19.5;0.0
True;455.39720422;11.37445077930987;6.0;24.833333333333336;0.0
False;133.68595805;36.63831570283603;19.0;12.733333333333334;1.0
True;329.62608947;16.157319705352887;16.0;12.866666666666667;1.0
True;184.02263532;59.75744812014847;88.0;31.166666666666664;2.0
True;203.64590979;31.36844316661729;26.0;31.416666666666664;2.0
True;378.2946573;19.8779606970556;23.0;28.4;1.0
True;382.0724264;7.220531161694652;12.0;13.55;0.0
True;209.32412375;51.45030312800807;68.0;28.583333333333336;2.0
True;358.29264031;35.248598907144;61.0;26.21666666666667;2.0
True;578.96661894;16.564499298844044;20.0;26.6;2.0
True;135.01884616;38.885156859002606;41.0;30.133333333333333;2.0
False;135.12349461;37.85570187874957;28.0;16.616666666666667;0.0
True;488.98069619;15.032269538958278;24.0;42.38333333333333;1.0
True;218.77369482;28.90174243104662;52.0;15.433333333333334;2.0
True;377.40934225;10.493181508879182;12.0;12.6;0.0
True;293.84538112;39.01612646471095;63.0;25.03333333333333;3.0
True;138.10212576;13.8515165396301;54.0;37.46666666666667;4.0
True;446.50389056;14.762430578335415;16.0;21.55;1.0
True;201.62606533;21.654118451096064;20.0;19.83333333333333;1.0
True;314.2753081;13.809615487992774;21.0;9.683333333333334;1.0
True;291.60866036;17.887653418591906;31.0;25.48333333333333;2.0
True;223.54571037;7.718753216717397;1.0;12.316666666666666;0.0
True;432.31384018;9.905452124850983;2.0;21.066666666666663;0.0
True;304.80546267;24.42130648524344;67.0;24.05;1.0
True;305.55710823;8.923269855205891;10.0;19.566666666666663;1.0
True;188.13549216;26.64879293532645;16.0;29.55;1.0
True;175.19049149;5.648959486105731;6.0;21.75;0.0
True;502.67258143;33.64445993600462;49.0;30.73333333333333;3.0
False;252.12693235;17.13921873404411;37.0;6.083333333333334;1.0
True;63.077885141;13.61710451726127;31.0;19.55;1.0
True;532.18398683;56.21404013815832;73.0;28.366666666666667;2.0
True;406.04957163;21.00553376843841;22.0;33.0;0.0
False;100.29923512;15.252068652639451;11.0;20.816666666666663;0.0
True;424.74495216;29.894796362798267;44.0;36.7;1.0
True;241.59834787;15.490058861442456;20.0;31.683333333333334;2.0
True;115.49291228;9.853099387609388;18.0;11.516666666666666;1.0
True;57.582410962;4.962007156339597;33.0;52.75;1.0
True;146.6495421;15.620999535551016;21.0;13.433333333333334;0.0
True;222.31539043;30.51460360684586;19.0;33.93333333333334;1.0
True;359.38057205;49.47589754232427;91.0;47.36666666666667;4.0
False;252.24333889;25.04827536260386;11.0;13.45;0.0
True;543.11057202;34.01915913371602;45.0;25.81666666666667;2.0
True;220.12782041;14.88561473016238;10.0;28.366666666666667;0.0
True;489.75476407;14.536708131291538;14.0;16.31666666666667;1.0
False;473.14594985;57.99201198272444;51.0;17.483333333333334;1.0
False;138.08952966;52.42069577715991;59.0;19.833333333333336;1.0
True;268.27686194;15.149267402797111;20.0;38.58333333333333;1.0
True;65.273004264;23.88689278486367;10.0;56.71666666666666;0.0
True;333.85889012;26.48519155419301;35.0;23.55;1.0
False;232.69030597;74.33505592794289;60.0;21.5;2.0
False;158.94148336;9.50690312106401;5.0;8.6;0.0
True;252.34795708;60.83457549213226;83.0;27.266666666666666;3.0
False;198.01486416;9.575756451175303;4.0;12.983333333333334;0.0
True;215.91476962;35.307464590678315;95.0;32.65;2.0
True;97.982840606;14.069286677489943;15.0;26.8;1.0
True;208.79524309;43.27461770725722;56.0;29.85;1.0
False;358.25986692;17.617377550671435;18.0;4.45;0.0
True;258.66020639;14.820227559972937;13.0;14.266666666666666;0.0
True;188.19164776;21.98642232299637;25.0;16.45;1.0
False;62.627859615;72.91089599610095;60.0;26.116666666666667;1.0
False;92.562032161;35.9257526819131;35.0;17.583333333333332;1.0
True;133.18032551;6.661110959142939;1.0;21.83333333333333;0.0
True;512.81964635;6.678999901733777;10.0;13.75;0.0
True;158.44383367;11.770395397366125;18.0;18.65;0.0
False;196.455139;33.28565342791788;33.0;16.46666666666667;1.0
False;143.29119872;31.519624785002875;37.0;20.566666666666663;1.0
True;281.4209257;39.5930644419466;90.0;23.08333333333333;3.0
False;328.4716534;37.4112053139344;41.0;17.55;0.0
True;278.40347865;18.983151344358625;20.0;15.916666666666664;1.0
True;244.38662354;12.626081915125445;17.0;26.75;2.0
True;665.41456079;8.827716158025677;15.0;9.916666666666668;1.0
True;231.28251825;23.45161416623123;14.0;22.1;0.0
False;139.16596099;12.7627099618305;6.0;18.683333333333334;0.0
True;133.52418703;16.73083810925484;17.0;12.516666666666666;1.0
False;466.78311909;21.36883752132684;17.0;10.916666666666668;1.0
True;489.05634479;28.31981567896628;38.0;19.950000000000003;1.0
True;861.50611151;23.00545655801493;28.0;23.566666666666663;1.0
True;118.4612678;9.641233629272662;7.0;14.033333333333331;0.0
True;928.53851425;11.35415744524386;9.0;18.73333333333333;0.0
True;357.13429387;26.30603882632004;50.0;19.366666666666667;1.0
True;621.91997337;4.48171121147684;4.0;12.3;0.0
True;237.85340775;12.20376328312626;2.0;26.53333333333333;0.0
False;202.80515377;35.248520725957086;40.0;23.166666666666664;0.0
True;244.10094547;17.289170441391356;11.0;26.916666666666668;0.0
False;598.60901242;70.76997993808232;62.0;10.2;1.0
True;121.84288726;38.34096251221544;85.0;25.75;3.0
True;249.45802394;21.03541693580893;14.0;29.83333333333333;1.0
False;335.1766647;46.52422154784808;37.0;23.883333333333333;1.0
False;621.50543357;5.665532258529944;4.0;8.233333333333334;0.0
False;352.39708186;9.229683057835135;10.0;8.233333333333333;0.0
True;48.928671818;30.492563521807284;81.0;22.75;3.0
False;342.22330691;5.362246225980406;5.0;9.3;0.0
False;724.83513629;5.854899669904012;7.0;5.05;0.0
True;85.915175096;4.825036334209501;2.0;15.1;0.0
True;287.93307105;29.26616654938573;50.0;52.45;2.0
True;418.2659495;8.35101508140103;2.0;20.633333333333333;0.0
True;321.84906681;8.185023750078738;7.0;32.93333333333334;0.0
True;447.68513427;8.0993303482962;4.0;22.71666666666667;0.0
True;667.14384347;6.196129883681555;2.0;13.933333333333334;0.0
True;304.65542539;30.897501770456863;49.0;19.96666666666667;1.0
True;72.300276975;13.700031782016875;22.0;15.1;1.0
True;222.71405788;15.7372455088437;19.0;19.716666666666665;1.0
True;153.95536124;15.086091588592296;22.0;15.85;0.0
False;191.22488741;30.13732552153771;32.0;11.15;0.0
True;471.42631947;21.76141784341836;32.0;16.28333333333333;1.0
False;280.68807356;68.0620991720447;76.0;28.03333333333333;1.0
True;205.73309552;28.17843596522572;72.0;23.85;3.0
True;252.11207496;9.736539619175389;6.0;9.566666666666666;0.0
True;293.89099364;10.586802459217882;4.0;27.73333333333333;0.0
True;306.0931348;18.06881167195921;8.0;25.5;1.0
False;408.28733804;0.8283318407383995;1.0;7.15;0.0
True;536.57098044;6.48195801881558;7.0;23.266666666666666;0.0
False;455.71897542;8.654573817933548;13.0;6.75;1.0
True;434.6253156;31.219917427655712;29.0;31.683333333333337;2.0
False;93.83509313;25.706932937294184;35.0;11.133333333333333;1.0
False;468.16278123;44.434636205047525;33.0;24.3;0.0
True;269.70207644;25.765288499591243;38.0;31.1;2.0
True;266.88160499;20.13192555360911;40.0;26.566666666666663;1.0
True;691.56629547;5.097074314907138;7.0;9.65;0.0
True;209.64298562;16.20507605224599;33.0;10.8;2.0
True;226.61023839;33.83781154125344;34.0;19.366666666666667;2.0
True;730.110632;20.297043443938907;31.0;22.450000000000003;1.0
True;130.57599218;23.285961221340333;51.0;31.46666666666667;0.0
True;234.82334299;32.92476237780473;29.0;28.26666666666667;1.0
True;640.58915115;38.83684864374692;53.0;30.933333333333334;2.0
False;278.90041175;7.941051983001149;5.0;10.45;0.0
False;317.68712775;12.848828383086463;19.0;8.6;0.0
False;691.56629547;9.468552150421433;13.0;14.033333333333331;0.0
True;211.56452259;48.3118923179672;25.0;32.95;2.0
True;156.41250802;1.6648609227544826;1.0;23.25;0.0
True;56.519516797;24.083500559346387;28.0;27.166666666666668;2.0
True;282.23179348;40.71009996766804;46.0;28.43333333333333;1.0
True;311.09207094;9.79993692699608;23.0;14.633333333333333;1.0
True;207.61292827;77.69145833370295;104.0;34.86666666666667;3.0
True;162.50611802;21.74804086313897;34.0;29.866666666666667;1.0
True;367.17974644;12.15723764500762;3.0;16.933333333333334;0.0
True;235.30387927;12.874265181602311;8.0;24.55;0.0
True;235.05040149;4.3660671891572;3.0;13.666666666666668;0.0
False;258.79097032;12.46651413271046;7.0;23.3;0.0
True;309.46345684;32.64899920660785;33.0;21.96666666666667;3.0
False;160.64195262;48.30972355655296;12.0;19.583333333333336;0.0
True;274.84641267;25.62933079948874;60.0;21.46666666666667;3.0
False;186.24144811;22.686135139801696;31.0;11.566666666666666;1.0
False;197.56981752;9.602793887689804;20.0;12.083333333333332;0.0
True;396.33581915;25.89447537500264;59.0;24.916666666666668;2.0
False;466.94129305;4.93653130797877;6.0;18.5;0.0
False;227.06218795;9.853922604971466;5.0;11.7;0.0
True;142.83670076;7.387254059133885;7.0;13.033333333333331;0.0
True;287.43048176;17.615462445945774;19.0;15.733333333333334;1.0
True;575.90518094;25.461235872271587;47.0;31.85;2.0
False;307.19403335;11.499112558564295;10.0;19.3;0.0
True;290.11246149;16.736445149786338;20.0;13.6;0.0
True;246.38774144;28.482702206181624;38.0;30.1;3.0
True;336.91029049;9.027783523236666;6.0;25.55;0.0
True;226.86791961;13.719767226283558;22.0;35.93333333333333;1.0
True;309.87448044;28.82422065927831;30.0;29.53333333333333;1.0
False;257.58301132;12.743317372884231;18.0;16.316666666666666;0.0
True;223.03708344;5.394318178867917;3.0;14.8;0.0
True;139.16596099;17.867096591270954;25.0;28.58333333333333;1.0
True;208.1930742;9.778427282462587;14.0;18.433333333333334;1.0
True;786.1715719;37.94602162370871;42.0;22.116666666666667;3.0
True;791.6637709;28.145261137476208;34.0;29.41666666666667;1.0
True;190.29250635;17.012361153862674;34.0;32.21666666666666;1.0
True;1053.6483553;10.069163384059028;9.0;14.5;0.0
False;241.39261006;15.088042787697423;6.0;13.95;0.0
True;164.34392366;36.9958062684065;91.0;26.35;3.0
True;269.85738447;16.374862514494225;21.0;31.28333333333333;1.0
True;292.16808987;18.32969190576117;12.0;17.85;1.0
False;53.099884945;17.832939342465295;17.0;15.35;0.0
True;98.788069362;23.637541599407903;24.0;18.98333333333333;1.0
False;261.4625044;15.516548099889034;13.0;20.45;0.0
True;492.01625519;34.50383005709885;52.0;28.916666666666668;2.0
True;182.5433037;29.17502533517777;37.0;45.150000000000006;2.0
False;271.81654273;21.01220527447457;10.0;15.866666666666667;0.0
False;122.45569251;6.355593544498493;9.0;9.233333333333334;0.0
True;395.8961184;8.637453981446304;22.0;15.4;0.0
True;801.4079845;4.408344572654773;2.0;12.2;0.0
True;464.25524532;9.14721837703706;17.0;8.666666666666666;1.0
True;146.40656471;6.417991343295672;5.0;13.866666666666667;0.0
False;140.69042919;26.26422686390331;23.0;17.283333333333335;0.0
False;435.42868584;50.89600374837995;46.0;24.816666666666663;1.0
True;261.50437258;35.82875972550258;79.0;38.650000000000006;2.0
False;370.55592982;2.6209530862751187;1.0;14.9;0.0
True;93.83509313;16.90687267163587;42.0;32.233333333333334;1.0
False;791.6637709;39.59064031735304;34.0;21.116666666666667;1.0
True;463.96527168;9.52747545327724;3.0;18.55;0.0
True;67.994163802;12.774050901908458;21.0;13.916666666666668;1.0
True;289.82621478;6.738402021694315;3.0;24.883333333333333;0.0
True;166.67011496;11.530865012928931;27.0;22.6;0.0
True;237.9912629;27.459458174008105;19.0;28.016666666666666;0.0
True;162.68929351;13.261723956277743;13.0;28.46666666666667;1.0
False;336.25552024;13.770569221897432;18.0;16.4;0.0
True;69.933731838;16.2815416886258;7.0;24.1;0.0
True;874.3220745;59.8143636833512;74.0;29.5;3.0
False;179.94059825;84.15857917268742;63.0;29.65;2.0
True;724.79483335;16.148247933415842;12.0;14.499999999999998;1.0
True;136.69929727;31.99598089693644;49.0;16.233333333333334;2.0
True;183.50758042;3.816708164772387;3.0;2.35;0.0
True;532.01454404;35.83855649100701;38.0;49.38333333333333;2.0
True;210.04905097;11.35267300469666;24.0;9.016666666666667;1.0
True;217.88342697;4.2359094771736325;1.0;10.433333333333334;0.0
True;497.09239948;50.05962873753191;48.0;37.516666666666666;2.0
True;375.02708978;42.004475105919;41.0;38.86666666666667;2.0
True;484.22331707;9.486201968690985;13.0;20.633333333333333;1.0
False;160.10756585;16.354184422171254;13.0;11.6;1.0
True;228.6046004;9.93205421816874;6.0;24.016666666666666;0.0
True;161.67281493;21.01842562914456;24.0;24.35;2.0
True;101.13157851;23.53128501504293;58.0;66.98333333333335;2.0
True;142.6118476;14.449471651072766;10.0;27.766666666666666;0.0
True;53.099884945;13.770464455424142;8.0;22.7;0.0
True;169.20932699;34.28726768488837;45.0;23.566666666666663;2.0
False;300.5267186;38.03983049758879;47.0;16.383333333333333;0.0
False;398.82044072;4.207260055760447;3.0;6.383333333333333;0.0
True;812.48346312;12.16418973937474;38.0;22.28333333333333;2.0
True;275.26337125;13.287753024873618;3.0;31.81666666666667;0.0
True;317.62330237;17.828181361670442;29.0;46.95;2.0
True;204.32063413;30.11070810793318;31.0;39.7;2.0
True;103.09010505;5.766926566983069;6.0;11.1;0.0
False;398.74869862;63.63086297811338;52.0;21.016666666666666;1.0
True;176.27876561;11.5085973491197;15.0;21.15;0.0
False;145.56006061;34.141270819026424;33.0;6.966666666666667;0.0
False;404.17736264;9.611322709745114;9.0;18.75;0.0
True;275.37520603;8.214473686117795;4.0;22.96666666666667;0.0
True;109.93802411;9.157629281396968;14.0;30.166666666666664;1.0
True;270.1806839;4.80363597264759;3.0;14.816666666666666;0.0
True;344.99005247;10.197166167689511;12.0;18.15;0.0
True;349.56986686;9.431411075861709;7.0;25.416666666666664;0.0
True;174.9770494;11.243376945688338;15.0;8.383333333333333;0.0
True;635.86686391;24.773693896669947;65.0;25.53333333333333;2.0
True;558.95367449;20.31608680859041;34.0;19.766666666666666;2.0
True;487.93029626;19.57559839240239;40.0;26.816666666666663;0.0
False;353.86892719;15.408386633034691;8.0;24.916666666666664;0.0
True;304.61825453;8.796662578804277;4.0;21.73333333333333;0.0
True;268.35069619;12.98035664030093;9.0;23.766666666666666;1.0
True;242.37466988;48.4283988426469;58.0;29.683333333333334;4.0
True;89.463834033;12.221096137553412;13.0;21.25;0.0
True;348.18818239;27.386141866624094;110.0;25.933333333333334;3.0
True;170.82716313;25.037924556555904;40.0;14.316666666666666;2.0
True;369.46985194;20.292515594162623;22.0;21.633333333333333;1.0
True;162.50611802;28.074245421634515;68.0;25.883333333333333;3.0
True;191.85847411;9.861376040801291;11.0;21.08333333333333;1.0
True;121.49862738;17.180570331862295;19.0;28.33333333333333;1.0
True;186.33752046;7.894792566192573;15.0;7.816666666666666;1.0
True;358.52157962;11.519600348847774;10.0;21.700000000000003;1.0
True;451.50607568;4.832416449776548;9.0;9.666666666666666;0.0
True;264.13870901;8.031210359477;6.0;27.566666666666663;0.0
False;172.3847108;58.97974556418177;55.0;21.383333333333333;2.0
True;791.6637709;39.53736660405834;39.0;38.48333333333333;1.0
True;242.38156301;11.92223258402837;11.0;18.566666666666663;1.0
True;275.01701209;21.64291603421288;18.0;21.666666666666664;1.0
True;261.51841932;21.170538110956777;119.0;29.3;2.0
True;244.68436063;2.598003381457965;4.0;16.216666666666665;0.0
True;309.01479246;17.222853666817784;30.0;25.966666666666665;1.0
False;82.859787915;18.053003439975043;17.0;16.533333333333335;1.0
True;637.72433697;29.7799565035692;43.0;18.183333333333334;1.0
True;279.78656202;3.661238907254444;0.0;14.75;0.0
True;418.52075212;8.259315952822359;4.0;17.383333333333333;0.0
True;106.2031888;47.37368387789512;69.0;33.31666666666667;3.0
True;354.92179268;20.55629841816587;32.0;24.35;1.0
